<?xml version="1.0" encoding="utf-8"?>
<Defs>

  <ThingDef ParentName="AnimalThingBase">
    <defName>Coolant_Bead</defName>
    <label>Coolant_Bead</label>
    <description>Genetically engineered ball of antifreeze, by all known laws of survival of the fittest this little creature should not have survived, but the people of the rim grew fond of the creature. So now it is a common sight in the less advanced settlements thanks to its heat absorbsion abilities.</description>
    <statBases>
      <MoveSpeed>4</MoveSpeed>
      <MarketValue>20</MarketValue>
      <LeatherAmount>1</LeatherAmount>
	  <MeatAmount>0</MeatAmount>
      <ComfyTemperatureMin>-40</ComfyTemperatureMin>
	  <ComfyTemperatureMax>80</ComfyTemperatureMax>
    </statBases>
    <race>
      <herdAnimal>true</herdAnimal>
			<herdMigrationAllowed>false</herdMigrationAllowed>
      <canBePredatorPrey>false</canBePredatorPrey>
      <body>Coolant_Bead_Body</body>
			<hasGenders>false</hasGenders>
      <baseHungerRate>.1</baseHungerRate>
      <baseBodySize>1</baseBodySize>
      <baseHealthScale>1</baseHealthScale>
      <foodType>VegetarianRoughAnimal</foodType>
      <leatherDef>Leather_CoolantBead</leatherDef>
	  <needsRest>false</needsRest>
      <trainability>Simple</trainability>
      <wildness>0</wildness>
      <manhunterOnTameFailChance>0</manhunterOnTameFailChance>
      <manhunterOnDamageChance>0</manhunterOnDamageChance>
      <mateMtbHours>10000</mateMtbHours>
	  <gestationPeriodDays>10000</gestationPeriodDays>
      <lifeExpectancy>99999</lifeExpectancy>
      <lifeStageAges>
				<li>
					<def>AnimalBaby</def>
					<minAge>0</minAge>
				</li>
				<li>
					<def>AnimalJuvenile</def>
					<minAge>0.01</minAge>
				</li>
				<li>
					<def>AnimalAdult</def>
					<minAge>0.05</minAge>
					<soundWounded>Pawn_Rodent_Wounded</soundWounded>
					<soundDeath>Pawn_Rodent_Death</soundDeath>
					<soundCall>Pawn_Rodent_Call</soundCall>
					<soundAngry>Pawn_Rodent_Angry</soundAngry>
				</li>			
	  </lifeStageAges>
			<soundMeleeHitPawn>Pawn_Melee_SmallScratch_HitPawn</soundMeleeHitPawn>
			<soundMeleeHitBuilding>Pawn_Melee_SmallScratch_HitBuilding</soundMeleeHitBuilding>
			<soundMeleeMiss>Pawn_Melee_SmallScratch_Miss</soundMeleeMiss>
			<wildBiomes>
				<BorealForest>0.05</BorealForest>
				<Tundra>0.05</Tundra>
				<ColdBog>0.05</ColdBog>
				<TemperateSwamp>0.3</TemperateSwamp>
				<TropicalSwamp>0.2</TropicalSwamp>
				<TemperateForest>0.2</TemperateForest>
				<AridShrubland>0.3</AridShrubland>
				<Desert>0.5</Desert>
				<TropicalRainforest>0.1</TropicalRainforest>
			</wildBiomes>
    </race>
    <tradeTags>
      <li>AnimalCommon</li>
    </tradeTags>
    <comps>
      <li Class="CompProperties_HeatPusher">
        <compClass>CompHeatPusher</compClass>
        <heatPerSecond>-5</heatPerSecond>
        <heatPushMinTemperature>-15</heatPushMinTemperature>
      </li>
	  <li Class="MitosisComp.CompProperties_Mitosis">
		<pawnKind>Coolant_Bead</pawnKind>
		<splittingTimer>180000</splittingTimer>
		<countLimit>40</countLimit>
		<temperatureOffset>21</temperatureOffset>
		<heatMultiplier>0.01</heatMultiplier>
		<coldMultiplier>-0.1</coldMultiplier>
	  </li>
    </comps>
  </ThingDef>

  <PawnKindDef ParentName="AnimalKindBase">
    <defName>Coolant_Bead</defName>
    <label>Coolant Bead</label>
    <race>Coolant_Bead</race>
    <combatPower>20</combatPower>
		<wildGroupSize>
			<min>1</min>
			<max>5</max>
		</wildGroupSize>
		<lifeStages>
			<li>
				<bodyGraphicData>
					<texPath>Things/Pawn/Animal/Coolant_Bead</texPath>
					<drawSize>0.1</drawSize>
				</bodyGraphicData>
				<dessicatedBodyGraphicData>
					<texPath>Things/Pawn/Animal/Dessicated_Coolant_Bead</texPath>
					<drawSize>0.25</drawSize>
				</dessicatedBodyGraphicData>
			</li>
			<li>
				<bodyGraphicData>
					<texPath>Things/Pawn/Animal/Coolant_Bead</texPath>
					<drawSize>0.35</drawSize>
				</bodyGraphicData>
				<dessicatedBodyGraphicData>
					<texPath>Things/Pawn/Animal/Dessicated_Coolant_Bead</texPath>
					<drawSize>0.35</drawSize>
				</dessicatedBodyGraphicData>
			</li>
			<li>
				<bodyGraphicData>
					<texPath>Things/Pawn/Animal/Coolant_Bead</texPath>
					<drawSize>0.5</drawSize>
				</bodyGraphicData>
				<dessicatedBodyGraphicData>
					<texPath>Things/Pawn/Animal/Dessicated_Coolant_Bead</texPath>
					<drawSize>0.5</drawSize>
				</dessicatedBodyGraphicData>
			</li>
		</lifeStages>
	</PawnKindDef>
  
</Defs>
